,0,1,2,3,4,5,6,7,8,9,10,11,12,13,14,15,16,17,18,19,20,21,22,23,24,25,26,27,28,29,30,31,32,33,34,35,36,37,38,39,40,41,42,43,44,45,46,47,48,49,50,51,52,53,54,55,56,57,58,59
0,0.0,72.74289074440766,60.81770668824298,82.83254653123926,54.89515669030507,11.812388557835458,53.331095246262755,20.96711863801187,24.02668958335763,28.233517940387408,41.43675721707205,34.0037022350956,24.78530925060863,37.55954800046722,67.74262221752332,57.49744144307322,54.381552498106664,36.32117458035715,67.35606329799094,71.88489592300327,21.411298327632238,60.19003590072714,31.020013256294657,61.686991275890286,17.05562350169899,36.35706308276262,59.73741724136133,44.022166410133586,61.8755669938835,19.810162094775126,83.74783014719229,33.715399335896656,71.51953361563478,46.16239855117416,65.0551718644925,49.31355973554482,32.88446873895371,54.92954706405473,57.72756720921796,16.56816296751971,36.45173729776322,43.56868603117523,40.778728207084846,65.74943543409137,27.04767245071699,54.09093717431077,66.05187834420273,55.606323830384035,28.98953614990652,69.8423646846804,40.62905339454807,54.5786513793525,78.68840753497363,17.54660982727824,20.165832389486404,18.097301749823853,32.781272815952825,20.42316476200913,65.2843986537239,72.44793081699326
1,76.0632185996085,0.0,103.53215838764073,32.46285139735874,84.10034102018574,87.81524687172958,82.33168136809421,71.64236229731598,57.26053758296347,63.62244960246805,89.43681610339,41.13370449255561,88.12003133642112,54.35646272317624,72.43616813194537,98.97188697281983,83.13759055260232,91.9102749622926,101.62740855116154,5.179139196270557,74.69935067234749,109.30630034097261,47.220942603532094,70.0098014336893,87.54011039307831,41.00150162550195,93.15823706490919,33.0399370754155,84.43309994415249,85.48186507615003,93.3876874319915,41.97405335558794,82.46543910150967,24.737961039212674,40.87965018250283,72.5156266003664,44.155014476881824,121.41733096423702,120.50526818745273,55.706007352161336,55.2177060690971,94.59041160862095,34.47374193089527,74.91714608755979,45.002775984871576,9.78994123018144,12.291550251415806,18.557488994598298,89.76969780758024,48.12526535451188,38.11613790411705,111.20494277156328,11.129171666115644,79.40645364859948,52.4827547185138,55.82143956482876,88.3332164000174,90.62659034886471,84.8852242862381,11.922037383423389
2,58.24102156321886,102.07107433748651,0.0,95.75983770276528,21.76073069553241,44.66217566170242,36.29223525337116,34.60935760391057,50.80299798508758,81.25994070672687,18.748279980279303,84.61096250696527,41.49892588862326,57.88188148509096,64.96141494040906,5.884652029877239,30.533348112320642,18.970666428961184,25.455813476651027,110.42954332676398,74.29641503040551,15.399887469351432,60.6879023687152,51.687633767001365,63.079855057949175,65.22481232504286,28.489035845176886,71.1606292045842,35.5476836102879,72.74629574942334,58.892726034195945,89.1393317523602,56.3113986319504,91.94330090489753,80.36745140859875,30.34206477451641,57.38806053038998,21.724467613327548,12.682073822187112,64.68895302726872,54.6646843583503,10.964162507042529,81.10505011858461,43.169257708557474,69.71205081359285,88.6424873511273,98.36961321140359,94.13323887062784,26.214441642275677,71.15847642822003,69.30494643364166,28.94569875831287,104.53410969060869,39.06143137308975,61.086137651603494,50.15774091127383,25.078471190747834,37.69857974592097,27.036602627676874,96.66763822531733
3,73.53935912576806,30.747045597628308,102.36261287786412,0.0,79.91315950373168,85.08037523735047,53.80443418376924,65.9906755294849,54.87526574069253,83.23144567640038,87.10394855459413,71.24829367977908,90.98578418751814,40.045371861808206,37.74192681083715,89.23424561761146,68.25940606550867,89.88879403321958,73.10846714532393,34.71471777271173,91.17189442590407,111.88012635575791,50.600745495086755,44.352157094601985,95.38832211962057,42.72762905243063,69.4655476941497,37.43794256520864,66.30711596589853,93.39391122903368,59.61837765680546,61.27812192592267,59.32926622641469,43.06680118602131,13.61253152929609,60.77586407443081,42.82542231576672,107.2048434010721,99.63705513971415,60.87665675899795,49.73635371843952,81.20122951872882,52.15234594767534,58.96388085573473,58.141301842774766,32.754409292149376,43.23320989594773,35.52967342741321,81.1438395077263,23.787805761863957,38.344924146396096,104.29277750636463,34.03266339965259,74.81928271939562,62.456106424603604,65.9695034715099,86.58649438708171,93.36358832374215,70.28123850896625,19.565337463476933
4,62.338281476212465,98.52648940614144,24.079912239064573,67.87008810026626,0.0,54.355737318691546,14.369243237737622,34.49225356934323,51.555981229778936,87.82594818265375,27.523967342069405,85.77261559345932,55.56191538239394,40.42284445127514,40.14537055233834,30.22096884741744,11.520634509807909,30.842436547068413,5.840265997170567,94.83070191140902,81.38769162304706,41.08470071565424,42.968693474182906,30.90541004138958,77.14731483212371,55.89743957073555,4.58883806046737,57.40359676622487,9.700962405350198,83.68977060377522,43.227393188177246,70.34095995904408,30.512898758695155,79.82468001410905,60.34409838024835,16.84393813946642,55.08983583649004,47.14000981120959,39.7801685822398,59.2089698556341,37.43271495520487,27.549233888816218,89.63524855711472,18.332315158148322,64.62360680698653,86.05081620752674,85.5301933483416,76.72425220250719,39.51521121868133,46.86102658544296,51.78493775436401,50.755686848884785,95.3206388254813,36.10948188910905,52.32682357729653,48.88629488877029,28.797467658806895,51.59182760961411,4.000331117914821,87.48248906824094
5,11.294260067585528,78.82150626089116,47.00597252476058,76.95673879439138,48.889433366715814,0.0,54.19397366340284,21.89938233882094,31.921712754735218,36.75780308266195,31.934331653235894,44.98254607051517,14.55714009515456,41.204752814884905,67.13062572294895,46.9577924539342,50.22318185095642,30.427031606194127,55.36822679056925,76.68275928249383,30.498511720143334,47.17705400297646,34.74646730434472,71.32654272017666,19.815902135114072,42.38322349266772,61.53802374927462,51.16548154135633,55.251971276210426,22.90095922806171,81.46941472472353,45.69346266876105,69.16175019416376,54.29392092486659,82.4050679023333,45.0173069924505,35.76634957930273,44.166070110869825,43.44740119341338,28.72632202389617,41.0929234955363,38.755942893512064,48.69135201935225,59.46011553856502,33.1122885958172,70.75088122122675,80.26262687991552,55.676576613793074,20.555464458357378,72.82907314021222,42.914653139371204,38.62513013734787,82.19909684117675,16.11649395204087,28.78206776127605,23.862282579525957,24.84206704655411,7.3262103350460235,52.27679539867457,80.01705342573203
6,52.39568385314369,72.59119047420059,38.63795923096687,59.505303322175486,16.766460500404403,51.050812815126044,0.0,30.978841985854476,39.18143572466735,85.85237709666137,36.92574156151146,81.26000193188493,58.94090952456869,28.48685829371799,24.894073725443246,36.59326385377949,9.205212440667278,34.99553902837813,18.684628905698045,86.4289725938716,73.69456161177322,49.0982522336263,33.40358723534177,16.988294567513744,68.85285549514656,43.99788612377477,14.70558880678589,41.50520268954188,10.701079073852906,70.0654022363491,34.77842496914023,62.566750173742754,21.105211310676268,61.35497825601992,44.64154985316114,9.781762279859109,43.357712227889145,55.299421789008775,49.44504623593608,52.15023385542257,32.49352839675679,37.544904091144474,78.794377015661,7.146233503971058,60.013707305234846,65.36890863887645,81.71037687090076,58.68219329590561,44.417651575033176,34.560178722517435,39.02985199947259,63.07245246754119,88.53365765188202,39.70667092676101,44.26506805695197,36.64500212155878,32.848233728391655,48.38618298145717,13.92477453479031,61.15383322617886
7,23.68354773425213,69.95288071013205,35.19924538713545,67.54872113795682,39.547524903079356,18.71244505440035,32.53880636156165,0.0,19.207203709686485,52.65431990605138,22.383352091122465,46.92389985338798,23.876615437679167,25.10386053408754,56.6457880230522,36.50894399433355,30.011341783251968,23.14910378679139,41.66523852684678,77.66129895244318,41.384404158177155,45.99918335230048,23.397342405125617,46.791402090214135,36.64667397372264,31.42580490889125,40.7522659795855,39.93163740090956,39.57681762297658,38.79485699708988,74.72344750848232,46.912941484619274,51.01169062304895,51.068211649472396,59.68411146599064,23.541942903146307,24.40464982108564,44.90583443647546,41.681029937650194,25.226916401609408,20.153061812768144,28.14890417871046,53.43842632418418,39.79615071279053,34.950152240916246,56.687798440018504,62.4195044177603,55.67461276209679,21.335512956498473,54.4818454642369,34.53785371930017,42.69199144356715,81.57011213711115,5.808816506161535,22.424598352022645,13.13705564449277,17.33706684242228,19.37994450011534,36.503106345500804,66.93483347979516
8,24.572045633125754,50.036680977700314,56.67771767909997,49.598632437840074,43.45860936049952,31.64773102212752,41.167951388087886,20.885055999271813,0.0,42.309581697366696,37.67307950953928,37.10123792195508,40.21864195834863,17.217646285117485,44.34236300556248,52.8518380837632,39.36750659194947,45.57379191906989,59.85839003362066,51.090243247472394,41.78562094778821,66.6371474778757,7.0956103328783895,48.44046626298636,38.331084625120226,11.948919866773997,48.960152729488364,19.982783522575215,48.93321446887412,40.2922550895923,72.81618801348999,26.596781852340797,62.89298800886855,33.149219707069065,44.56978596375351,33.829127079325,8.906554872231581,67.39391510349948,55.463444336700306,14.845464124621962,10.563390732389186,45.767778800151234,36.62663582445381,50.011457811506126,17.766490696881473,43.79348841930354,46.81591929619059,32.30324579931081,41.87893320860715,40.01908102569612,16.924356815134324,63.85368479301841,65.27771071523601,22.653856750173556,7.595762631681989,7.60056652827703,38.20800487452,34.18148492649909,46.01278264955827,46.032786074313684
9,27.050921017264827,73.87681161934076,91.60357328614634,81.99140716575472,82.47996123286931,42.40863534681863,78.29876985925631,50.23847048183823,45.34665210956081,0.0,64.7228133562359,27.36058288826076,51.24054448927182,67.68957690605133,95.61299213921434,78.41422175548922,77.9118680407864,67.90275199102803,90.03810987984005,76.23870347245553,9.969331513681706,83.33531414601366,48.15255776090007,92.07854235153249,19.937215375476107,45.06495254622957,99.83440427355437,53.41627225507815,94.90794678192769,18.646754219403427,112.66164536770253,28.752065738546886,94.87595496040956,44.7607131338095,90.70646017685849,72.87169132377336,49.36816882638574,81.24379071560634,74.43488527588514,29.169740389061506,62.4155443119646,70.04063750287405,38.85254034245741,81.64150739636615,32.2638657578821,59.62252169861328,59.74392722978975,59.10545845389721,61.67965802329886,88.85192365526181,49.25144496474808,79.71271874807941,82.3921680496268,48.08680999242347,35.725295024845444,48.59845594412485,65.92519730444646,49.90230994898396,83.27671844854747,73.74799639067172
10,36.77146644509467,85.80993844251718,18.909284126060967,80.30728631918366,28.905201660286252,30.230445725012387,36.012807654414935,23.149904657139764,37.66995396405862,73.53822061369021,0.0,67.51766107891922,22.331590768071482,42.20936812739412,55.46669927369649,13.896156590294702,24.079605679514547,0.8414100559732752,35.631447664077385,100.81340093650364,64.24379964975513,24.925319550741282,45.81775055949923,57.80947004416785,55.058367241927826,55.98586540220248,35.46049336521766,56.59198064031134,36.66044761540058,48.43860246643156,68.45725474935888,69.04403217629982,58.02983543596975,78.93964888569138,79.66693710461722,26.367370530291122,45.084653955701924,25.328370238652404,17.01336050264361,51.24759684119388,43.752336363540664,7.780046609274649,77.12276310495979,41.51820271175589,59.73546040049907,75.934874361852,81.95824188203504,77.21265204852294,10.755229363541773,62.88910888573972,48.76394496932622,26.336410768988664,94.95105010042009,21.7726580462882,41.54334336022356,34.866263834508096,5.804909632412373,22.94916895878172,33.79714370021336,78.13986051041329
11,36.515610948576274,42.457106942907124,93.67129749926154,65.6934621589821,89.39555148325255,45.39222425164245,69.18765663069844,46.43342702035675,32.94581766360644,26.79241022585342,72.15833319769952,0.0,57.876280876471846,50.117916069187075,76.40775270058981,88.7940594679735,73.76853406655174,75.57664537674208,93.61373741370136,43.51267211285699,29.697477488815174,98.69412776495551,37.066870710926416,71.14875782391165,38.04309139116901,30.687755340783106,85.39724190056472,40.91672352060889,88.78572740694219,40.350102337051176,95.98737120047834,8.168391724668956,94.54563062151323,20.413267941638537,62.18899519342933,72.06396789039579,32.49604547804473,86.87766337735258,91.7223192329195,22.407446292418864,45.64540184864222,80.99444514953495,11.47666986484211,84.46644043169033,17.222980123911764,35.69640236571484,37.35574420164619,32.925377482269276,59.77511760818283,75.0451120434222,40.48998798635728,90.23114349398236,53.47017370369736,52.926484476849,29.577918053182398,41.65643191474223,69.22820479440398,50.84224022131022,83.30745950830163,50.195970297034506
12,27.53932665068455,85.03621429095703,42.76481899580689,94.98798069365465,49.22647270666866,14.214859372648988,58.31817728029276,24.480775146223326,42.03170349669503,46.366887104504876,22.328478269025943,57.00064068309007,0.0,55.59325945020327,80.68335613596501,37.31062025949639,46.51494052397425,25.66383930849362,55.87192645456947,87.43407769321506,43.978967005688254,33.255971691481435,49.13100653700736,71.85802202048953,33.772163956717364,54.13021853913537,54.54806127443513,60.497442682861006,62.730059060038606,30.57678154863738,91.72699169000981,55.86177914622682,78.06855738678018,66.53765443845221,85.82340473546704,43.786560470089036,45.27227046185452,37.05988603396731,30.77915927046956,39.60788464739717,52.18407249461239,29.520812133906198,72.80878844720101,58.75816715694974,53.81613080868129,87.17981184838693,81.10836116652163,74.58845199575728,11.663487350008058,73.77810371728506,51.141729972752735,23.668830597945778,96.63304689785157,19.4163903207472,37.54177528144536,35.35371620342273,19.025024791968484,6.2042405982870905,55.28094710870887,88.60536581800339
13,42.82518164838419,52.45013197869991,54.057926764177026,44.22537606916523,41.895425818297184,42.787604108142794,26.15472632609928,23.67474028551462,16.94543391211511,65.30531096921823,43.15797150151283,45.9705646626859,49.54620252531235,0.0,30.10066925555142,50.8409179732863,30.561890078458884,39.765334946419465,43.98449647073683,53.56478864429903,56.71571471795479,69.72065799368373,9.996183873887878,31.80691031289012,55.60624081092595,18.08075944748248,37.64293191278698,18.895247069678522,39.916646840651325,58.72895254702004,54.171042159290934,39.984921339286466,38.10380479062522,36.62705006606044,35.410696388912626,21.923268285832854,12.220668353482326,67.28321377454462,59.43678180032925,27.935899108165117,4.757192659794713,45.0484022304088,43.75562973707952,28.868565233176774,32.12491935720704,48.83579650290995,51.05202929713402,37.591239150997,48.466426599004755,29.657714592094294,13.284432129095908,71.19571757453555,62.994835836605354,32.949490987207106,23.78164176952667,19.62792706842569,39.21721061709487,42.63714461743336,39.143941066931056,48.0603609613128
14,66.3058176585238,61.87078426908605,63.59574314446072,41.915084296722824,36.732664163410476,74.35157195109811,22.953645721686986,49.56128236144422,49.67944490988844,99.42550079174646,58.675822008695356,76.17389712007957,81.4370229156207,31.671628955275644,0.0,63.42321292704161,36.519646087084396,58.4329520128223,41.19377354749284,71.70547297379169,81.67168218912245,75.80639477326926,39.05666148256684,6.0766846008019435,87.07171722942522,43.83623594539971,33.271043143868475,40.799267745053925,29.12047159469196,82.40086916912988,26.617596829006988,78.07571369043475,17.343138265653174,62.250756681642,26.42612018249879,31.60947005744695,47.31038477295614,84.4613881965784,72.23355052708129,58.44359435938656,35.413793307505834,64.36120880794445,73.9132394408001,19.325167982394884,57.41683003381585,59.724513633064724,73.55578370234404,53.14093504657405,70.68604299327991,16.70943700361333,37.81839511054237,80.12417555190547,76.64416135528609,58.83865190391079,59.399755052663586,55.99787049626561,58.25183009253667,65.94589278704372,35.01210650521613,50.19896262680095
15,54.309341188219875,112.27674482168702,6.0562987086140385,92.62000843618827,29.829944501333117,45.485579510148796,39.281528136848266,39.46695370408398,59.247973615475075,85.2760157061152,13.155402931355166,91.70380224729836,31.027029019457174,53.162988704686775,70.38315353102091,0.0,33.30430195554999,13.772786205258878,27.46636983555561,98.84420907603356,72.20817787526539,12.329501679703101,61.617388563366845,55.81754397345887,59.52090164099489,64.21877389252559,29.695286452405213,75.13471547653126,39.135938830398494,72.61369781969144,63.13388638246945,73.75850039584469,57.29346513865465,80.27645342858459,90.52226355482223,32.90220891340062,64.81838894486833,18.191144056003857,9.059252962067518,57.05573442260144,50.926456649529435,7.537993541463266,95.41418878830041,50.45833193477792,63.52318348201546,100.86804779986015,94.28006548213521,83.45444905844728,21.53592727979457,76.19204740580744,69.1539086504647,22.908150332538746,114.75672447550548,37.050335833519256,52.78492992933342,46.43713007721779,19.11776451034365,39.71536337296929,33.41786061354747,103.32753761506166
16,46.288965569524656,77.93629324730865,28.469358643601794,66.2890966654546,10.360836029505396,48.36140745897534,10.71069365687007,25.65176673649517,34.00265792186699,83.41577029237413,24.891513519172133,78.45478619575697,47.9116207383928,25.600202308011028,30.255530301469047,28.700930997339974,0.0,25.26250752052703,18.174153717165847,79.15485058873082,72.72188977325945,40.851061073717034,32.117801161135205,27.226898338406695,66.05161541017132,45.457439562449764,14.15242069949472,41.027749113004944,12.90821930926381,70.67680191064561,47.3905247387936,60.45155700673247,26.272333013258393,69.43167165727627,50.366422671761434,5.325617185230897,35.32395523105443,49.16293552616161,39.754071338299795,54.24583866145517,30.813321874851066,25.85364430775042,64.35847712887937,16.014880227247165,55.459367081501796,80.43825558823141,79.83480899363464,66.68259681701213,33.35515969862949,42.878161013416566,41.97993503198857,46.88801708721701,85.20535537473194,30.52314517683611,41.40440269898882,35.72631285303594,28.706872910547286,41.68269871456694,13.357561251097785,77.49796598555214
17,39.45001879982154,98.79857442288888,16.916899221468316,93.54049308048906,29.519833206537204,28.240154525577516,38.84919207217101,20.90578463238849,41.74914899161822,66.37874176390937,0.9512427666495689,72.48202582505748,23.870578648817702,43.37080095730669,55.85914045299744,13.869369659060451,26.340301542391884,0.0,32.07426012857889,87.50292715375092,65.0716088054771,21.29662096114958,40.05149176093349,57.70789939439162,50.098296171184494,51.032621406016766,31.293279156338283,59.488959742208145,40.479993889011894,50.60845461849948,67.37018064913018,60.39133032967781,52.11208445456136,75.58041819952521,73.97420507886311,25.161906763977285,45.4602546572857,26.165529894649016,16.860586865876304,47.23730460935032,41.16746602488327,6.724105090667156,75.0367790272939,40.59470444230174,58.59620814154191,80.16490869534724,92.77879849597205,68.83514411108024,12.242459963182323,70.07518777770932,55.376026527470984,26.02766687617214,94.01642744698482,20.76587150844329,44.07154497457847,37.55193110005169,6.067684298683949,27.00216217377191,30.46669493974006,89.03513143945756
18,67.23001440785332,99.97942438768428,25.643781674242437,84.46241786056471,6.503957676238316,56.04960098511958,18.755440218833677,40.358178994106105,53.49121075529943,91.55411891502331,32.70052645459261,81.33618161410051,50.61928297852722,48.276836510093744,37.82729800389865,29.53283462705242,17.020512431092694,30.965935115371426,0.0,96.74508720252324,91.80349254858037,38.291038268485806,54.21859182533774,33.559468292524265,85.22708082584893,60.033860131300166,6.381983677758936,62.518083030134385,12.526316143566145,89.53708217615416,41.27524286042998,85.55481890343651,27.138511143334366,83.05046548042196,69.20806928880731,21.97308349388151,61.1710381888078,44.125585190619404,37.637772873750805,67.9527192022391,46.645277977760536,31.15502307590165,83.69233088361428,20.486827242278196,72.78556885640555,87.1969686916594,99.55847982898341,82.36252626758115,46.874866396536945,54.170362172078725,56.578346431928054,46.31049684374262,101.48444289720219,43.41956431988657,57.9551689127259,49.95121713572392,34.68388703121271,60.78774697608716,6.053552142185899,78.12636703747201
19,71.45779996378745,4.989642520816626,107.17515994095044,32.97204904486189,92.57207556371513,83.97543976551576,84.95464828766201,70.93471559183318,55.25926821872537,76.30606060874959,87.38328361808777,44.13037856551042,104.67421747275367,53.564695682632674,77.3571121052353,108.79427545993501,79.13996496689319,93.42320536660787,97.1178202381557,0.0,82.4851725136848,123.1635307198925,57.550256939421466,74.91523641686857,79.48076812338321,41.561959993873934,101.94591361908957,40.3130696631471,100.6278500253852,77.63156081620296,103.70048332998823,43.32959406247859,96.46427109592595,31.328291352577622,46.057246285774276,76.3510840465089,46.31335527626362,130.1874145592074,119.93715192238966,56.96395332524041,53.99378527098813,110.32173261993815,32.79653639737931,82.98634554588068,51.6868926018456,11.900561598797353,11.03305336752364,23.32136194466395,89.93529492924733,56.254249311225664,41.152436135033376,121.42462898592198,9.604985268665738,79.7174520726925,52.39600755542387,64.31200765936373,84.78884970346785,94.12417022299964,87.2811562629495,18.077518173837607
20,19.76079958729178,68.74404353478842,72.87322546858864,92.77944453938376,73.95119711484962,28.883978694194866,73.82281287217282,45.111437533707736,40.028351167128115,11.687260108941313,57.35577206165648,33.53284898217172,42.73034602156131,60.048776421792425,88.82329078948779,69.23443565030115,72.31848437098628,61.734545738433596,78.36300296303916,75.82993868827334,0.0,68.38983593032704,46.05383186548618,82.440689396533,8.72294384035535,45.748712056244116,76.49723562309119,50.95898989571613,92.30052575580775,9.349731227658932,116.67096962350604,31.537139252599903,97.04236163155934,46.39014787053866,90.96779008625103,67.08847690293497,45.549206081474956,73.73227484463447,70.05856710407109,30.87269049184107,54.83348124764492,63.891261895534456,43.65342937221883,82.49947710253585,32.08937438798382,63.698028262331675,62.462151956906105,54.99052398265661,52.2433672396195,79.56385925750033,51.89443357647762,70.97400876511124,84.66641443137354,36.17642830658689,36.708655396353784,35.74145704149361,55.158427126045616,34.72207397440138,82.20667481276823,73.27740219974231
21,55.769592541869045,108.89453163451768,17.307725639362086,98.05030578471928,39.934285849048145,48.046018357755855,48.288331876496095,48.8780674402944,67.08415695510907,93.15683654830711,24.176331886218115,98.85526943746329,34.48929786756246,57.848193192824795,75.37729772386126,11.473178250052257,43.57007424592258,22.544846899035687,39.49395069480652,128.4758829183749,75.0915374417729,0.0,69.66401698445846,70.45819513398465,73.12393006383394,76.33802987835641,40.236104321193444,86.10543059464702,48.27660778797562,64.45629713070943,87.79944386970976,80.18556921295841,63.05637363580989,101.87479992197056,87.59853292488414,42.699528833745035,76.02456015872393,6.053628656807069,4.788943913524463,71.68824473781567,68.9677169478312,18.471993610667322,93.49641066136796,58.61310615901781,70.4546726100711,107.43297480842567,117.65946635228873,91.91120767039598,28.080913423493065,92.44864210292232,73.98893245093409,15.948129175083018,127.79841566894439,39.201606734478574,66.12629652019886,56.6377590852691,27.4559911232345,43.654339258719915,40.764688693693735,106.28594548245843
22,28.81779629777233,51.28175320936158,55.23090808003888,47.92151968326415,45.84130135090057,39.85780559212917,36.70391237721974,25.108705934411816,6.960500975043595,54.834783781139556,46.05156940569605,37.666610313217895,48.42061995409056,10.006681470829292,46.25307321934131,57.5750933534238,34.437320582825116,47.8732118145712,50.26432207643296,52.533446811160104,43.77147775578469,71.17069224520887,0.0,37.5582025132068,45.32674112111512,9.727775299601548,47.93737618729453,13.18838490179825,43.81375970260574,50.183355585042726,63.14690510441239,33.15341336999377,54.743958097680036,29.330622065030568,42.10305078815063,32.06553566805549,3.8211520705921975,71.57021507381548,58.459992604607784,21.32325463447934,5.839117175723694,49.75955816962549,38.74285764897968,44.27752185898646,22.9410070746782,44.307547353158085,43.16987738707328,28.066983713473746,40.540915863340075,37.379530236074466,8.887872755211172,62.657704366911,59.03488513364682,24.654222266710534,14.466863096027756,15.196568541739577,37.783124485456106,41.368800575856554,52.325914995635536,38.79224283537963
23,71.23313938558142,65.59462034543321,59.96874782338444,42.24086640180711,30.113114681870663,68.79246007534988,16.493000989085644,51.81848520542478,42.91049236789689,89.9004444010073,50.038496119687146,76.97644110862885,64.36483759774056,31.55063347417517,5.726906473138452,56.56099907069536,25.114579303868876,55.6175661700471,35.32375160407531,67.76647545358001,80.99144403264961,66.28452814217765,37.08144770198978,0.0,91.79619858894097,42.98235285305565,26.59539042191733,40.990003862285526,23.69954437979836,95.11007523456965,25.802458534967524,63.99795333390075,14.57012038014213,70.34428501841356,32.771461727969154,27.372068918731532,44.64851621006193,75.39923229287396,71.6523602288076,62.94411346755627,37.52577916023604,58.78205109450157,66.65269849658137,11.808235519470214,57.14100232297053,65.02404654013618,79.04368932488315,63.15600023235856,54.83372019215517,18.451353922243847,39.385325607718435,73.8601976088711,73.2898728297638,49.81379988169022,53.779520110186304,47.52883017003616,53.04113284595229,64.34257964920435,29.707922241970838,55.664273570986474
24,17.030645141276743,76.90991388052159,63.188219433188344,99.5584029985473,79.18008019599122,23.10793582428569,72.37506563447708,37.23071986819966,39.45997356232684,20.231091021981396,55.55372069568456,38.47471701811935,30.715222581186246,57.434499061187715,81.81682403866976,69.4425411930655,62.57804807551648,51.92686151858869,84.54643499161816,86.3141910970085,10.16808621387289,64.41614063640257,47.65990500405489,92.67719281454525,0.0,46.50729059064481,79.2079829378405,58.28864236962553,86.69166853383517,2.449107835899036,99.76854668639999,35.634252267535445,89.13529853360666,49.11600568450366,82.09356391755205,61.182978500059,51.92825844458701,62.41996032654705,69.45489860673867,32.87912162247967,54.48147619448519,61.4861857113836,46.48124009834615,81.01110090568109,38.696887595263135,69.77627472605394,77.47798954858473,65.3496523358102,43.503850719741195,83.2126100900615,51.10600421343629,60.399220275254045,97.20952958276426,33.35884380192436,32.7163851271521,35.93375984278301,44.132399560633985,25.896730315531308,83.33621776583055,85.70997495003226
25,32.58401178393661,37.588572368343534,71.55111570227022,39.537318064612776,60.24924650632973,40.27490180494377,44.02960700778651,33.28907519947525,11.940597924165672,51.17409674756882,56.240976340641154,32.98534305533355,56.823136209498365,17.56451699690177,42.24022101765102,62.465941311566,46.84143039388369,53.24706393718874,65.35639497647522,45.86672269587178,51.89071937507982,70.45623968932652,9.840541056720886,47.262230300549795,52.051433281047274,0.0,51.64511187639217,7.1467942148237205,52.75434290843857,46.89332024678957,66.26467636155142,24.346879925671864,63.515939485825776,22.180664614117596,38.67977230851348,38.41724661810737,5.162591930789855,79.44067683178109,72.28723186550631,20.767712114113273,14.29048680945444,59.707611145494354,26.310322104155155,52.04995045098923,15.374585760549767,33.20190298523667,41.53478414825656,20.22088695202734,50.721347055254384,38.6754003185445,4.587195998743725,80.2196149680477,46.21786365676041,34.99273639760044,16.954296367579694,20.308137625136286,48.360167232731996,44.57685733781292,58.08208644081861,35.51294940970133
26,59.436566487989964,82.71308209549532,28.835552739735135,72.98181501104605,5.12286982461301,59.50874441297983,13.971615698249563,39.95399858978926,47.60037208634752,84.33350917208965,34.35866108435797,88.96438244890041,60.184393615136216,42.32956042053135,32.15862405001148,30.417408960238813,13.437520260786822,34.15666468419169,6.5800640193933555,95.0935479666805,86.60994173746388,44.78289988295086,49.081568769473975,30.01165573635299,77.90485742564883,54.201304034954745,0.0,60.87335732713144,5.684458646301006,81.9972354453181,36.48954897143107,73.75816120645645,22.992797840010137,73.30089039858143,58.000201798384104,18.237411661835026,49.95710499233074,50.73645406133384,42.471447141220565,67.49711910133888,43.62732719545753,28.796503288762384,84.69096999235872,15.561389432797549,73.42264044288464,82.93568128869533,89.13386390877703,83.07987007064074,42.20503816071849,51.20511069413881,55.33891824802163,54.640278921289074,99.5640023659609,44.098451259873414,56.62888003102213,46.26417913527932,34.41457382390467,52.828550535924855,0.7472838393554684,88.46784704214959
27,44.99632271541186,35.377075392760496,73.5633389960121,34.698529141251,51.922249491280944,47.32406329301919,40.068179208497725,35.3315548542231,19.355511824013128,52.43533837441976,60.67276608795427,34.0903855063441,61.46235068628765,18.580445069845783,41.00545302085763,70.54071646349877,43.83323249561156,56.91778454328265,59.84789075716562,44.00784683389361,57.85274726861209,79.12217451054593,14.704549881815332,42.765830447347824,60.03004926443232,6.686003780582582,57.98219376506538,0.0,58.60250147873817,54.007115078217716,68.01388570877947,28.408592814839814,55.14993594459859,23.840517344871646,31.150278901366104,35.92988565733252,11.822749782595583,77.04418831750584,82.22578993234089,24.36640293625446,15.682772970657682,68.47180330380051,32.427823644596835,47.58801673494529,24.10590567800817,28.71948005085004,35.99810018767878,19.143716327197662,51.596797098673164,29.009918190205404,3.721480204769061,82.05118556307441,44.262573321079955,37.93357615223244,22.467255588930986,26.070978642345835,51.0999012110722,57.717173560827206,57.721578229947916,27.47498050348335
28,62.15829034533847,88.34391409942286,34.68967459894123,71.80727596177266,11.00952474097693,54.82611272062478,12.065851896491498,39.18154525101311,49.35771376570981,95.54697584025902,36.245556725956796,86.87969613701713,58.54459206801489,38.350890355777814,26.25441433720038,35.52420634715847,14.899032246404662,33.977628769097464,12.231143998615696,95.3514089445737,91.1884369823907,50.52351127572179,51.24559034869985,21.491845950675376,75.86617821103076,58.24047341465156,5.457772732481951,53.8179689124815,0.0,81.8196330687246,35.000202189976015,84.27006724803532,19.8266258584253,80.83642970772664,53.15784362281477,19.260779512057333,50.93793856522714,51.700590891031425,42.9547400721141,65.64926564671512,41.39176562055537,33.00438250626461,77.6701914141906,9.833529260675844,63.5585988582301,80.44016133986418,86.05233676067576,67.70397763862022,44.51978810459346,43.561789636614044,46.954570757089755,54.1805489720877,86.28078600872038,44.94463564082845,52.85096652258798,45.65768141026597,35.245496446853245,56.71771368942958,6.630433710416836,78.48831865255464
29,20.07879292922463,82.3432461017001,64.85238515235581,93.05006885757415,71.66826771813565,25.146194305425567,71.93617623829677,38.208446496324235,43.9248893563934,19.75080277221152,53.31437870001999,36.00982278605424,31.755748306772137,59.42906828250763,87.26872422674035,61.6730705570586,75.46053780363788,55.44499868089113,87.55496163137897,81.64477221330132,8.46197628071528,71.03604108387411,49.39191606804468,92.07254943133903,2.6571289833396547,51.59271118912707,80.27044830715491,64.54020166472748,77.96088485719503,0.0,112.66337771213358,43.12796508360557,99.47768767200976,50.28434512768111,91.92777711988282,70.0466846555589,45.67166120608098,65.09846737911658,65.00210795866997,33.953531081845846,54.0342107327684,58.36912903600612,43.861437904901464,90.14681216106985,34.569581524684104,66.58657868361342,78.06744497787085,61.37862760987088,45.70804631973723,94.07740293362926,53.0630431832209,55.845094966551116,97.59221967191985,39.96604463967996,35.68507220538205,39.18491758202072,50.852955535223536,31.90847228030007,76.1476148224233,77.22615592188829
30,87.45670038930324,94.32567195962912,66.83686062680655,68.64790168501638,39.662504382760574,95.68347878132968,36.28506357351236,65.19398846049575,75.00154920993916,105.33670880315496,74.70334796358127,97.80066187776696,84.90966843897198,58.52341422834949,25.371516152987375,69.05778554963065,48.441930141601276,64.21380723724798,39.77224121496012,95.5971593724608,104.06869508646271,80.63732626806436,68.42948791035877,27.374153147068668,99.35744856128954,77.539477138261,36.551183276184354,62.172569253633085,31.11179336074804,116.59451541187377,0.0,103.31783725702608,15.214339351812386,87.9955211817889,46.28963612763224,47.94278111217594,70.96021892207622,93.62152122888119,72.26134522209631,77.88289725056963,63.611223212728724,62.97219852950407,95.62800764727915,30.689316981650595,90.64539904266903,92.46429724825957,104.57137120098697,85.4532974437286,74.7425506921739,37.160818322002804,65.0812375205571,83.4341047381558,95.2741602594504,72.27141142059303,78.64935441847074,77.72071274148925,64.7536743390031,96.13255135544789,39.964083950706716,74.88047941079223
31,29.85927719182722,38.77924335533229,78.63971468483984,54.24192680786316,82.2531930025312,41.40447016974805,67.80444335090135,47.01601681137861,25.791469269716277,26.76551465466755,71.70806978085572,8.51767790667552,54.16296559516433,38.44936748357617,71.76308155072996,87.07828566304157,67.59660756621847,61.96551034067921,89.73750641604182,46.55634625449126,32.70980964863038,79.41661436511083,31.92826636448307,72.2171204986679,41.08408368287016,26.332344227786884,76.36831164170731,27.33157219808726,71.60988090049666,41.86748018677823,96.85193031508824,0.0,75.0678574397697,14.858667248390075,55.13115184859309,63.57906631073758,30.486846178259043,94.6249804689696,88.9119557036701,16.94047320786942,33.28939269757303,79.7779517576887,8.183122846425777,72.99555084511293,10.809256970367398,29.348567437074347,33.76108168425127,23.98354232655981,67.01220703520717,66.38191692410152,31.00162512418145,77.89857289097998,48.00218254743461,42.83688838545807,24.40891243053194,32.37244389778232,64.06375830749845,47.00917595134567,81.79721588549202,42.29116218777468
32,76.64608604004289,90.64025988497023,52.84216863791686,61.11408040789908,26.476098298847358,69.67175149555217,21.75679602700297,58.94723078941648,52.40989793369258,110.20166319437399,50.49258090325707,98.77800485666239,77.08323349813499,40.35218524489022,16.316350156254373,53.85873807962845,29.73544600813597,57.328596933092925,26.1456930312728,94.59638459785366,101.00183595523318,61.683232653840534,56.75345880827825,13.86626846446025,99.95469087646191,55.565256060772484,22.777841809340753,59.85444945744326,19.318848106791606,90.50317410629211,14.069763337098069,80.10269234347794,0.0,70.94734832078034,43.13961223333279,29.915914572501826,55.85471171205708,68.03959013294435,64.93793071106812,76.43140765430628,42.69279339995048,56.94353100721208,92.4978970763687,13.198950467249919,77.44798511081486,78.84260338360237,94.89352990529497,74.02925656095651,64.70114350567717,34.932204940096824,53.07494234523629,69.4355432929999,85.27155854568184,62.037294436450345,69.87398359258266,62.12864043205636,49.930806729231875,73.73786589892167,22.811870576798132,65.9819540795971
33,42.738628936657946,27.504337510288558,91.6867885907363,47.11013530064701,81.08817317121792,50.26194504845967,60.17981226856727,54.00488917204461,32.492172414922656,44.04985861450535,75.52572883879652,19.031175620552457,66.57916568722924,42.2878543347424,67.03242105540879,89.15479442421675,70.98775191299677,71.51927275246038,78.68551420787746,29.54472633405614,48.55822680853344,90.69496767115909,31.101175664536537,62.735281303892364,53.798561821262886,21.880079480044746,77.76648055071057,23.586844539920275,79.0520853541476,54.47072263191332,84.43084554329677,14.517716373653599,70.98045728342332,0.0,46.384517057828255,58.152335717639254,25.114398071195627,88.87450990789837,92.23211468060786,28.81234435842423,39.30727439001929,80.4848366531156,8.816720406495943,71.08780521909146,17.20605877184218,16.685715098996024,20.901833392770527,11.445969638605229,70.6653857857477,55.746598057205155,23.959730314697783,85.23193591025115,37.107682872599625,52.26917054574282,29.17492113073491,39.12200624164491,63.24111547242225,57.753633736188554,80.63484970492699,28.960619862853854
34,76.82723132330048,39.486349867827606,82.85224461455901,14.221645241250586,64.79564943306993,73.83516891245148,45.36518734428528,57.493209897466336,50.13084103501956,88.26157930571301,76.82280528836105,70.21694642673248,82.8596180709966,34.91653500782351,26.75645765471121,82.76310025068823,54.903638557357546,71.40563688691059,60.35441127128418,47.55852832828329,94.44354214669423,95.07870103619963,44.016742622534814,35.077575496370706,89.17944863617522,41.628795624458576,55.72468307182345,30.75893794002062,50.252146319006556,85.44967770483036,47.35221217477439,62.141713459673106,46.51898019278028,44.06799798199957,0.0,50.44695521640356,39.787736336584494,109.34556830283582,93.4833835205418,60.48013332813019,41.20131334067581,80.49008178233555,60.15699561527188,45.19194806236272,49.7461623429554,37.488394272211494,48.33278167507925,35.785628560232595,86.03327428662634,12.446342275660461,34.86960139769481,96.94634405678215,42.02394477317898,69.16244043468319,54.59068195501772,59.85108765609416,77.64191198783485,75.06397624408051,62.7331460960551,31.217578626797312
35,50.23033804866133,76.88680919044059,35.81680547346794,55.66154411921253,16.803534782637836,46.2512979030135,9.518582797025351,25.77480928137654,33.37386331832485,68.47068132549569,28.173596629383706,73.98041491942361,44.96766966311037,20.96575160445284,31.119550628026147,34.92022585029293,5.719835165606114,27.531341708124284,23.82251299873308,80.41066645441119,63.90346832319112,44.65755895259749,31.055555512216067,23.51029311555736,67.01816058678646,35.528823954774886,19.861172935022488,36.47300429089441,19.209560936393455,64.99493378124231,48.00726487401742,54.64290167215103,28.429589400580756,63.808988212527545,49.89929279716295,0.0,33.015341486619135,49.58805545144534,38.620399164986665,45.48938104808929,22.37377117205075,29.11253488834298,72.05970295283493,18.472080574582524,44.49292844453151,66.04501426696254,83.3269676328563,54.19596210885119,35.670378641184776,36.824652331148855,35.76518768169395,49.93748334556983,82.46887767828657,30.876195302913192,41.058432718922035,29.47652110120332,26.373417137002217,46.49593457045617,20.16991626529816,59.323688759718934
36,30.283975170824917,49.4166271176867,64.95162441440038,46.837708486346166,50.04025392191831,36.30202468484282,40.20931541216194,24.83915582915136,8.194100808155085,52.06576201112089,48.47941646378719,38.23893204650877,51.054052187890235,12.548279432563305,39.96668092779228,63.87795726017357,39.89456198842362,52.21231655496028,60.910650998142096,45.463182551998955,47.2095201169454,64.38952714953018,3.5428995320516017,40.43577855753488,49.077312067081834,5.0492470494180095,52.4936308840319,9.838858541047095,50.17217204894179,51.21604555640418,64.52167943164079,28.73297770926808,50.58163304458358,26.331379847404577,41.138259498092125,35.027515834507184,0.0,66.37640327692351,59.79849736447626,18.864752658013405,9.460295385379315,50.07322858759616,32.86223535733932,43.72643314580047,17.986354614228347,39.98962900569941,44.02690708868377,27.21087002069661,48.28209465449115,34.47641582506474,7.6768866202960275,69.94533494032474,59.846748992328784,30.306610574612126,13.129308275470073,14.40902892243006,39.849939564931354,40.41968615393767,56.67738421495323,38.468776559579275
37,64.60474895086644,111.24032369436698,23.63716557620804,100.68958883564987,49.025073557627785,51.565802656506506,53.162787428026434,46.24214994087518,65.91901629431798,93.45611100143346,23.99478294042344,89.95701526504645,35.42399278870218,74.98018039685157,81.3218759602335,16.633165895046634,53.04826783411349,26.399184776329236,45.32268288831597,115.74310895980067,80.82261616710545,6.4048229211759775,64.71116532782848,75.88843891914667,70.14705508676826,72.32658848969618,50.53000477488517,85.30033751949108,55.37664006526205,61.55238892311872,92.13945820022593,85.2204901451576,71.80561718476523,101.55906231648035,97.17316233831157,46.82370335676522,77.73061814585331,0.0,9.860782829576854,75.9543190525057,67.49158707736626,19.724885575009708,93.5280430786926,63.08481071029641,85.86821384276718,103.92136861667234,106.94708977244183,96.07768685933095,26.751093741210916,93.09177690172255,82.49913905289758,12.334445711875443,118.12926901830605,49.13671277960279,74.38755729070354,63.10942400561153,33.02757244254322,42.68691391155685,52.473892072610774,106.9584474712498
38,49.654371116906255,111.98324045014388,13.526964522869546,104.19244818475701,38.24925735407839,43.04440584858021,49.98357083316138,43.83670472298191,61.81415627270603,74.23131459854002,18.581506436474957,84.16828987718797,29.276035648460653,65.78270588288233,71.90213846096789,8.201783514790142,41.12174172911673,16.45481675400016,33.77143059427083,124.09492778626043,71.2645131664374,4.0983745582068964,67.74208693630011,61.082312321882924,58.603051943253284,75.49062976816657,38.50978079410733,78.68515466241247,50.978263333856745,63.90333872874341,74.77833234122973,81.45496741354802,70.17908627856394,82.81826531248348,98.9830231098307,40.062299882843824,68.35838118726322,9.493460770483566,0.0,68.02915024893304,55.59959385979138,11.880083790508264,100.38489798878483,59.34454386698359,68.12092198335328,94.5261932255059,102.87515714413003,87.52927533539105,23.037120827515245,79.3380884087234,78.47097397172438,14.47498890332546,124.96089087957951,38.771303334822655,58.68573024136401,48.68501390938647,23.140581393707155,33.90202745988533,43.01698216491932,94.8401569026743
39,17.877940592498874,50.89121775578688,58.829352216214446,58.93629672977131,63.666616065702556,28.336852697824,54.59340310107025,28.32909862805228,14.939483705409373,32.72945165118418,51.988165062268955,23.968058893321604,42.84955851499047,31.365654042596688,68.61464219881252,60.19546427135542,48.90143628489535,51.352036118732066,70.34696500653664,50.07840931510586,26.67202098399364,68.14635364723144,18.70063097121422,58.99194454789922,32.288920036685404,21.31059338207438,67.9797526638866,24.666806278817273,62.06999191469539,32.418532794065996,91.57894285977746,18.295611210151236,74.0544692874845,26.77332766399246,60.78578131447619,46.67100076126505,17.757251096925707,74.22957398258143,65.65399115135203,0.0,23.111776500061723,55.429873423457735,28.004064010842786,56.7491429077615,8.53100190936188,44.56877331461609,50.64037845393138,30.9911474794817,44.516165354910164,54.59479970014262,25.526691458824285,62.90385459039172,69.79672332179538,27.17725982377522,6.588334826852607,16.57210141474764,38.94480069621967,36.90310995984112,64.88204188292693,47.42408491882902
40,36.50839208281925,50.07297088281838,58.81533758620855,43.59977439018954,43.18601002084436,41.061922631311496,28.363733575124712,22.1206090630595,12.373099666741128,53.830707745597394,37.30237383046281,45.25822098694588,48.34183003469846,5.03353312096471,38.80869625477645,52.90822019216667,27.730308196383312,39.90630357112879,51.136090475482874,52.161820014632156,54.129590275642606,66.60776799997657,5.615555870186594,35.534326715274496,48.57373750555596,13.179363942267754,44.63922820939274,17.01220318572623,42.69793813432586,58.881533636154145,62.99844394408611,33.95427533541507,44.279668332949875,32.86120800707666,37.621571889431884,26.34579374738232,8.895022185398021,69.16610338626941,57.05389129030325,25.588638737631264,0.0,49.44093110095894,39.66679658314569,37.76870523555281,28.886018909908223,47.94490141436293,51.18806025936282,36.382167475577106,41.9952915098923,32.87182383024488,13.971098792115772,65.37046084265486,57.43631597596678,26.75014753605021,21.170991597496627,15.5083665096172,40.26036265575308,40.133920977955896,44.58652098090638,44.70472814128051
41,44.63523113064935,96.05434606991948,11.204659087781831,88.1270333432245,24.973696199721918,35.986357081323476,33.847237597498264,29.00123006141933,47.14626398173056,81.2097337908845,6.870715754997884,78.05706053158076,30.073806670433285,47.79248214143432,63.25380432606553,7.519797586679843,28.79946402209258,7.411649861946018,28.83510246253955,100.62422332365826,69.72509290540717,18.38604276470372,54.07228513540536,55.95367353519383,58.663994834875425,58.980978943340155,28.427536363878602,67.4189401137612,35.93035486908106,58.963243694919875,65.74000179648796,65.86835233129794,50.33763487270018,74.68671272304147,78.32116362943592,31.52474807322347,54.66590847982341,20.42959220215524,12.76034629502067,53.59368918249602,43.54520908249681,0.0,76.93141215280886,39.645671375600514,62.11977512516989,96.73277781633898,103.40110424260229,83.43479259768229,18.054674354085915,65.18669449794977,61.002313205519265,21.044282660525873,118.02172590909186,29.112526094410303,50.50409520828915,40.600675151083244,12.959996297828505,33.293675644880246,32.1556635002327,82.65819710805793
42,37.803324198469525,34.176271316285444,97.6871133638,52.16963298629368,78.68441232177902,55.86787443498349,67.40166286685897,55.365214089670836,31.872474551312017,38.65352025849074,71.4731091646619,11.58090673820208,66.95743320688344,49.640852420164244,70.13607476894668,89.06679190775178,71.3963330615545,80.46955105927177,94.51330345294032,31.762441025305012,41.04826530050167,105.19411739366646,38.07079893981914,66.44431029802791,44.416683363098834,27.621902250909518,77.68048630414202,31.904058167590733,86.51376082721585,45.80148099285966,98.11322598729436,8.580797946296673,78.65690900617808,10.02140797252404,59.56508461704536,59.68507723639887,33.30453788435615,98.58734253657077,87.49961921154855,25.616153301887113,38.77905771614357,85.17852775708404,0.0,70.67542466896671,19.40272918359907,23.93912822871189,25.44328214461859,22.529767498679615,67.48914120504624,65.02582624950915,29.06525958657973,96.3378542842422,43.753946325673624,48.954822375307224,29.38389932972465,40.93572169455171,64.24615920156329,57.08592536453288,92.3775338095116,38.9825932650973
43,59.931543043246855,83.03990894173803,39.704286075765005,57.16086700523481,18.30968345599171,58.866125884697304,7.856510099144693,39.94527167539355,50.06217997824329,90.65160059760699,45.61057492634875,79.59651798574357,66.49989461353799,30.422984916096496,19.34641997480187,48.544400879376006,15.28598696321882,44.96610949706056,20.10919765334652,90.27413298771677,84.17279364865621,52.63963291022574,39.18895412791535,11.778117346970905,74.8617807977014,51.304471626623645,16.468575323550873,44.62346750846382,11.467639999760001,77.49294530477479,30.312617643679346,67.5907743194642,11.792474895828924,66.22285188303971,48.132471380856046,18.448458960070806,41.551697911142455,64.76865183582854,58.817940237011044,58.90705328004788,38.13973447362306,46.70416907823666,70.38218448936794,0.0,67.69972677075855,68.85477799917857,77.83138594944457,70.36423423442781,50.02710974693984,34.20215850328838,40.77776680023818,67.0264216793469,85.24852868225322,46.304985643945415,49.3314339194695,44.15982732236608,39.14792250496664,65.41801883989658,16.996731832412088,67.48878961148164
44,25.988466468512378,46.7775450015219,71.23771951288424,53.830357247231454,65.43328352315724,32.58976543671337,59.569018993955446,30.32619130724452,18.581066223222866,31.827923941067255,56.42004332953219,19.09954497161575,51.44533979871779,29.499101370028082,66.71762534562643,69.91403439878066,58.62383319584541,58.33567410985253,74.79570695869236,50.09434914234873,32.02923269596247,74.59815677437587,21.868481364218727,60.48184712202374,35.34871955036572,15.437834425737476,61.65921034244778,23.924061484590226,61.82754223598281,34.30144315304876,78.34407552415622,11.9034791877352,69.86298763376756,19.97994538287787,57.5307874958142,50.72732507888467,17.582720316544904,81.94117647132552,67.43761520950677,8.390581463155907,24.325668146384064,60.620524644601055,19.58012540473872,67.07398172502936,0.0,34.788734121139264,36.5695325106333,26.104644163396056,52.03863264818711,56.714787493296306,20.284827697143584,71.55919447869317,61.2168548365743,34.51980918467811,10.623533150953383,23.214806548879313,46.49367534963283,40.55535933938879,67.05370630956652,46.60609029466081
45,63.71296160069902,10.626743981307934,97.07442467059198,30.436809991004562,79.48141820701929,64.62244894953811,76.52131820429578,68.3461136790282,45.987068974857124,65.48317642580093,81.00657544554956,37.61253086702643,78.24742172012166,42.30879911760244,66.63833090201237,100.05480469791588,71.74885997651724,92.85053986342547,86.30782988835499,12.409687070902866,58.38188426030217,110.59544901734257,37.34061530891924,60.66350749543203,74.93382329876438,31.15583176149359,91.67497639656023,28.101819360329838,82.27357298851855,69.03894552146888,85.38195353268578,32.71896996497018,85.1670360508784,18.083576412527528,38.998393996061914,74.330846866616,39.00553755706341,115.1431028092348,101.24483982598848,45.0372653203506,47.953003757844705,81.44648239927692,24.607254169675087,75.4303482774934,36.46943597777884,0.0,9.003729047176277,10.109354771305304,77.87855859505464,46.77709286186287,34.00050179367737,98.29418037555217,19.682040309489402,68.3735874988596,44.32282444364327,50.135353615978524,76.62455661790342,84.84643933640692,85.07177775770282,15.15027746679878
46,68.84812331924942,12.680833511905261,104.41077907139295,43.14739511476228,84.65355349225294,77.64997664140454,84.79451425765548,64.8959363510542,50.5507120886012,60.1879576265795,94.44021938356997,35.30121478175628,89.77709129709503,52.1262636517719,72.47367946151348,108.05060975181082,85.75522131237372,85.1400054027019,104.9986144004623,9.85070813305278,60.33473429279109,106.66384348369948,47.91593165870912,69.37414835710169,66.54201767242057,40.68382186275477,87.09197614828669,32.96172797959588,83.20919194355625,70.49180497941568,104.46497553997973,34.321545148544786,89.49822153200232,18.35309034809764,45.728237340264755,76.06348893657172,44.18150098828533,115.31754632262651,109.6473058821911,47.60453605966197,56.629499616365095,91.79991061059786,25.03874861095132,75.85436445436947,41.45015326890877,9.132200981823773,0.0,18.110853513842024,95.39885841019074,61.592686495252536,40.65601328743585,114.50419611199163,20.092610082373675,66.28164936401083,43.95048377012653,54.88023932449463,82.09932581960521,80.32371048650052,84.62358889362322,21.84342078877967
47,47.850482525682494,17.596312321216217,86.34519134372717,34.46664371404248,80.20755709952991,58.06055752968606,61.47114811816915,56.460195888036786,36.004429735936384,55.24199617521897,72.3894507705641,31.018730850556203,70.03421564541878,37.72828178366716,52.452984413372775,81.61687751550267,68.45753937413954,79.23633870287921,88.18215107597787,20.198629685592866,55.724205771509325,101.36608050537625,33.6534228034148,54.627063931778224,58.012610074614415,21.547100296658858,76.63958471569745,18.217677105022325,66.23975427755607,61.956087545860456,79.06703836290527,25.388061785962183,68.99450210743855,11.328893526084862,37.97461299632597,53.20044558833571,25.875504430861593,98.9170602447675,86.73268430963674,35.107843157263176,33.84913602693377,80.643248620497,18.957894438619647,66.81499197817087,27.056129935574436,8.74184300253596,16.102916272536422,0.0,67.5245850655031,43.556009665008325,23.85313417552175,93.93216773981909,27.031638050456642,56.32920220599265,32.353564855886496,43.576092349572896,65.96696704215358,62.71910383841273,73.18084500389955,18.537485195529037
48,29.761265654444156,82.9891152728546,25.662660455143918,90.41184658591511,38.95663930431203,21.59295467772437,42.5097690826361,20.090418779375035,40.11033974658564,64.06215065058062,9.457133680984095,72.00603434447912,12.800167202971993,45.23830146319865,61.29680406418862,22.512962859977083,32.07822577539301,11.301255469063713,39.24349684565504,104.34517120970939,51.57557709726545,28.739600019744604,47.15161037855029,64.84938412618774,44.92475411295633,56.331285341484154,41.39765237645103,51.59441412183305,45.11319031181603,43.14534413040338,73.98729957133239,65.65745128196386,68.10423793906111,63.68465239995597,74.33071994261309,37.53402287574217,48.276359111934525,30.581564332321236,24.17820931307692,46.096985647315336,41.18766057961434,17.101819575589488,72.01805847221524,50.87983500369217,47.80727340132661,84.54909010694617,85.38291827642009,73.78268833609242,0.0,67.02425919149783,56.886576921931116,20.53882867754451,108.65110919994241,16.419981439107374,38.32230502763002,32.69287071265056,9.139492684223496,13.09544163747705,45.69057974226653,84.95469287348794
49,66.50101388836329,51.409827780001535,69.77289387969844,28.151829469676997,47.613136212955894,73.1677598547578,33.02724445115037,52.92704225665375,45.94374376234433,84.84809596183132,65.05104800618109,68.64711204488223,78.21082931559337,26.353078421973496,16.69982138892814,77.68769558769803,42.929900157363335,71.07660604124298,50.79320595300942,58.90403489721407,76.20410051904825,91.70912962132871,35.01561341847035,18.186281110654033,91.5706838658892,34.2612208855994,44.57447553432619,31.670560517540906,40.88572085703768,85.3449263132298,40.762993138091645,58.438301697207045,30.294000050422394,56.53257372719859,12.453201499886177,39.28671209775404,39.57373111820354,91.22767333414129,85.08804084943324,50.247313925593744,34.02566305435471,69.88678078780329,64.27307591677406,29.081466689106684,54.29110441888011,44.381120593983006,59.60957860612724,39.815619738289975,74.81361595598453,0.0,30.177910844937994,93.02403809086259,56.294133795294705,62.21538638571197,53.217318843787375,47.56801650670128,61.24373738649718,79.61579393689992,48.834538321327436,39.79650910084297
50,41.77715526530678,42.40512252433862,68.40099228089889,34.15962038830508,54.19885557056116,49.068039158864934,37.05716419444659,34.027359198426694,15.0988122522944,53.51810599620756,52.24982301356382,36.67648813892981,53.762580359493455,14.696858656949095,41.80535351658325,67.85351084460606,41.50942699239589,49.64273413991226,61.839377174933915,39.17715460890926,56.857382967357616,81.70821447516782,9.032056744110612,39.180069503963395,52.41638088411894,5.20178470469537,58.451112452424304,3.642859261875014,55.39646688508737,55.55425005846856,61.42664983841369,28.19151493756927,58.50480252184896,27.078800816307243,34.014423651807235,39.423812231725265,7.79506470994461,86.99829227508408,75.45807556005762,23.019201852893044,13.486925392016168,58.478186820226256,28.735478338510628,43.536903358377174,23.450524494411795,29.5804095037902,38.693978828191625,23.68615059354062,57.49610252653764,33.883221628909006,0.0,72.4597782008226,50.19914623932967,33.93257184540025,21.361085361918114,22.00242062207882,52.28596685763228,48.69924945091871,49.7991880421033,32.69149765225991
51,53.91316422952696,109.45512672621153,30.450311010390365,118.0430574781607,47.45978066797133,38.84430334144587,53.778767249463584,42.16888676850315,66.34146246517506,79.9634909558716,22.45174093354363,88.35611147851333,23.33419854248085,59.306426253805924,74.93680337686456,21.403900171121684,48.90365111915037,23.025958505992747,48.49147790445159,123.0880390310796,58.26934883036014,14.406372698482654,71.52577889567135,75.74106827538714,53.133384319571384,77.01737373709837,58.178701685550095,86.61140542470372,54.9398533700117,58.63172621679352,95.82654092517936,77.97261367980873,74.69616885468866,85.35087644754314,107.92197256489386,51.27244664065082,75.1695922619982,11.065928251607819,13.746079530712057,64.09671040848374,59.66631939404576,24.440485999418502,96.32085984056434,60.72679670491935,79.18427533410012,101.85865224968526,116.71697349391938,104.25303814550551,21.878644051311518,94.91575183610263,79.35266434496963,0.0,131.78770166502488,40.10509939207151,61.441215283855755,51.14272188689961,25.822859421417864,32.516856880305625,48.55818916203495,99.41432517170173
52,74.75607825921858,11.15834586326816,107.67122229472142,31.508597863081487,99.97315002492577,90.44387601885337,77.1946386032457,74.95378612976546,61.429822754306585,84.62850935677669,92.7848954220384,60.93503662987027,94.29272773595895,63.119102449077296,66.41524174625773,122.25643283887005,88.27506076816157,111.34261981300055,102.46387386920036,9.572167160849805,77.27445899732113,125.52980256042942,53.12721538083602,68.95696472875835,95.89074117930971,46.12392222795022,87.98880560230948,40.87485352048045,102.82656446176615,93.93109715938648,100.55852014896239,57.36042596745507,89.45490974652674,38.01960752136158,43.01938097227151,80.39665587626037,56.29009850738926,117.67033583770876,108.78380078378359,58.6125648655468,62.8406352239489,110.69886384295111,45.50487552067909,88.38030580507355,50.97088445112647,19.919932267155914,22.737302413656963,27.496887934729926,111.06082007863697,54.1372668404012,46.987354159274595,119.84433631277724,0.0,78.48105955391968,64.17490569026953,73.86919751061532,97.95633119648609,90.01789788244258,107.78908920704762,18.01225560901283
53,18.507976979843757,79.77127626498795,39.50783139080141,66.03167777136865,37.70348951508942,14.915637464250379,42.41076229898519,5.099270866814243,20.594827246698003,51.68570459437993,19.67963510209694,47.6856104690435,19.36611660438418,31.93896555049765,57.63087181556138,35.622228922395976,33.37550561629112,21.900996141728967,48.46065289861693,72.0772981905912,42.97536879439764,40.898659416464966,29.51072417699048,55.007333074013246,38.15302195735628,33.010198822905224,43.61237286256162,37.073914093897784,48.69598762203724,40.016983702775256,72.06880310501911,45.75053525316508,56.76705141921327,56.67025822792027,68.59601027496738,27.368232807122002,28.565843561558438,42.169264896981986,39.817793590965266,24.72780159013326,26.40587143499244,27.035310054283915,57.16345546131181,43.020104560081776,35.95096479306716,59.33394652064709,70.18964620857965,51.11646129938081,17.912110180928234,58.50036173698743,38.18148669379156,40.623817146331135,85.28711302520773,0.0,21.816824247978463,13.102466142004486,16.529064986962197,15.804464920658537,41.73712526364921,66.83906456841392
54,18.81213785215067,51.21394589195831,56.97360165301141,52.833291167948055,54.27942435534076,29.858140922811522,44.20077047378045,20.57515246895295,8.047487092527712,36.91950308163787,42.742483376437804,28.149914974866793,41.32389446313017,24.371889019334464,61.313949452005204,54.59139252752228,42.814028693898656,46.21214277032926,65.85358829138303,55.46004649840481,31.081699827192182,69.89630681258083,13.65430507031689,56.21071436541606,36.665352332805504,17.217977391066285,57.23035241303493,23.975130872770315,52.02334657384784,32.96185220387434,73.5091135779386,23.66598803260481,65.07963504513359,28.11665385153026,50.81117789513441,38.70409606321387,14.353208469478277,74.55075279312932,59.467539737446735,6.978227687648358,20.26944292394425,48.818650278574786,31.482416688539722,56.14569083305722,11.6763005013367,44.89395519377557,49.20430028935165,34.764801284562715,43.24431915355653,48.94119201764786,19.08903105456977,60.01828178892132,68.57265413947054,24.079205109522533,0.0,10.971297117676947,38.111647528279754,34.07789536767548,56.8440367119282,52.016780631620705
55,17.251084004726344,56.15697933811521,45.35224312591737,66.11960073410773,41.76307751468957,23.60782896808957,35.66611398549016,11.032307403293121,8.610342388563714,41.90996047555787,33.84537121612743,37.88617660106428,35.856418359507536,18.610147085972557,48.44652028110977,45.76117847770616,35.38242703489751,38.02502242365092,53.325380832649266,68.29840492076771,39.875046274542896,51.404789944072355,13.64443273762225,43.70616818149158,38.17013019268529,18.671931514761514,51.60159819571665,25.52360334442788,47.45981738046048,36.56960139646458,70.17505377318494,29.7848650799899,57.621827652482516,39.70168123331297,50.93381159338062,27.727539634746375,16.924873337706483,58.07874816897855,53.510865371794004,15.910065059297006,15.667907722059141,42.859177127047246,40.629745351322505,45.669532971769165,20.318218176471905,51.143596056411994,62.729911090703645,39.000431136603545,31.001392838498763,50.81472861251124,22.983734053790148,55.95284453041887,69.8677695009946,14.242813676399095,10.96613932939123,0.0,28.65887084224462,29.99790445737212,46.074703543664384,59.6275340120184
56,30.820581497796905,84.92018331812989,23.572646256154712,85.04120077447178,31.22948023047271,26.771869279607962,37.53030755136773,17.303895756732018,35.10020065347709,58.60143524438828,5.319438932243234,60.02853565614414,19.641533073639103,39.22536721062037,53.13758086598608,18.538575666053852,26.042040847166977,5.636908714315101,32.67268472865852,85.31979102267552,49.666083315996715,29.57112414590923,38.312053701691205,49.4173110743679,45.3166976818587,46.74625140550575,36.265322429502476,48.63577032861852,40.86344299393231,51.59259291843267,69.6620949108995,55.56130484103131,59.48659326676016,63.352892301445394,71.194589684043,24.251964067898054,44.352140044951554,30.369682783013985,21.626807630283597,42.02567302929038,35.973105992941186,12.219158976681797,70.93256643399877,41.42735635131731,46.546343421187395,72.4198604349837,78.9091133764307,63.38096365951794,7.88874266829563,59.785475090039945,49.81275345234426,29.488126364524994,99.59040344324352,15.369435640811819,40.666275246956744,27.4521967576417,0.0,19.589182599446087,31.444979122859635,79.22528592051103
57,20.037847609624503,88.44899331296759,45.163281158447326,79.76013456681886,47.5555667578715,8.423199975270126,51.12108548956726,21.122774681905614,33.323630542214296,48.55733497390035,21.967568817981594,58.50513935545215,5.412141962724846,43.69753927201949,69.40812401403521,37.06953202740013,43.44755131189517,27.338148707267518,51.95911274634533,86.68888849121956,34.90983425291504,40.14676406747087,43.14502072552709,64.74507359400724,28.77436512779154,51.24912795242254,55.29078763180024,49.920252749453006,59.37263987493097,29.426669526088006,88.77728536531241,50.76244544537154,79.8100695529142,60.71095769431721,80.952697293347,42.44061079073962,45.6940195130238,42.876760846917485,38.01918255882144,33.11604199165942,42.34671879102848,29.197474124918152,58.534535737538135,61.14233660467072,44.341303029748374,82.26043408079325,85.61021675549016,67.25050348336491,15.562815697734747,71.27695175303722,54.244263387862375,29.420915730617818,106.20477017426643,14.92223818645716,33.78677806932415,28.966772103165212,19.54170010611355,0.0,52.93107604237551,81.80200852673251
58,67.39854725554915,81.70346472049232,28.739068897304552,76.57875843442179,4.759697016118802,52.35757263084286,16.201528036183337,36.262693755818454,46.73695801703965,87.11523417009177,32.91365711616051,91.57294551471921,50.78062908597289,43.936912140152735,35.395699438507485,33.162138268533184,13.700326926425381,31.140302907268623,5.787313981190729,96.49715288315186,76.9853798988814,46.56131332947164,52.75039559450947,27.92363291740991,80.26495804308601,62.34389875964442,0.6312154718882659,62.840138795328436,6.5334493990656695,86.95280066092185,39.65951108331088,78.0440928593975,22.595271770712245,78.11908675982555,66.21166063076207,20.505607728089803,55.434701613651,52.06619343536322,42.21768608808941,57.26612326686575,40.60173122835139,32.72899801827514,79.14373559594225,17.66420407576132,71.1929350351623,83.74139485259042,86.79745905081529,80.40824611695446,42.756500684827856,49.18607904199699,52.191294363495395,51.24469748094862,96.4166415365592,40.7432116325116,60.01787187893255,49.286432586928534,34.453233467116284,57.980655578248495,0.0,81.32149612891976
59,75.34551529221166,12.677351879531832,90.67184225102693,18.136716018814916,88.4291460479612,71.53302582340578,71.85614759460627,66.59986813484804,49.9836929127507,73.63893941150096,81.57368410130644,53.13996964905702,96.43768184446247,45.19142776052172,52.93610070041885,103.15794701016779,72.45795565757645,89.08581394892822,86.9786835062183,18.063724690243145,79.39684167427929,109.85134665133099,40.43934911682469,55.7830664310288,87.06295557076638,33.27026081750867,75.69156078366863,27.50188255944106,69.63911223145156,88.08858073893431,78.17760079662703,42.01413175553788,65.60509795436982,32.55905106861059,29.12148556049434,61.75953924903613,37.21157667000534,107.23313535167202,101.55832968248639,49.53914257635239,43.571644446376006,87.07839918894692,39.30583480231057,70.01921376203083,48.58918216893879,15.385588094316242,21.17536718947081,17.67184459539911,80.4238304725072,40.14256746859792,33.51794444448875,115.89973858823048,17.042788399450817,67.0185754461096,53.75289365088957,54.58807385354207,89.22323228592772,78.84163531735068,85.03940644756665,0.0
